James,Butt,5046218927
Josephine,Darakjy,8102929388
Art,Venere,8566368749
Lenna,Paprocki,9073854412
Donette,Foller,5135701893
Simona,Morasca,4195031893
Mitsue,Tollner,7735736914
Leota,Dilliard,4087523500
Sage,Wieser,6054142147
Kris,Marrier,4106558723
Minna,Amigon,2158741229
Abel,Maclead,6313353414
Kiley,Caldarera,3104985651
Graciela,Ruta,4407808425
Cammy,Albares,9565376195
Mattie,Poquette,6022774385
Meaghan,Garufi,9313139635
Gladys,Rim,4146619598
Yuki,Whobrey,3132887937
Fletcher,Flosi,8158282147
Bette,Nicka,6105453615
Veronika,Inouye,4085401785
Willard,Kolmetz,9723039197
Maryann,Royster,5189667987
Alisha,Slusarski,7326583154
Allene,Iturbide,7156666764
Chanel,Caudy,9133882079
Ezekiel,Chui,4106691642
Willow,Kusko,2125824976
Bernardo,Figeroa,9363363951
Ammie,Corrio,6148019788
Francine,Vocelka,5059773911